"CWE-201: Information exposure through transmitted data","Transmitting sensitive information to the user is a potential security risk.","error","CWE-201: Transmissions of sensitive information
CWE-201: Transmissions of sensitive information","/CWEToyDataset/src/main/java/com/mycompany/app/CWE-201/BAD/BAD_ExposeSessionIDInHeaders.java","9","42","9","96"
"CWE-201: Information exposure through transmitted data","Transmitting sensitive information to the user is a potential security risk.","error","CWE-201: Transmissions of sensitive information","/CWEToyDataset/src/main/java/com/mycompany/app/CWE-201/BAD/BAD_SendingofEncryptionKey.java","12","36","12","92"
"CWE-201: Information exposure through transmitted data","Transmitting sensitive information to the user is a potential security risk.","error","CWE-201: Transmissions of sensitive information
CWE-201: Transmissions of sensitive information","/CWEToyDataset/src/main/java/com/mycompany/app/CWE-201/BAD/BAD_SensitiveDataApiExposureSent.java","20","36","20","58"
"CWE-201: Information exposure through transmitted data","Transmitting sensitive information to the user is a potential security risk.","error","CWE-201: Transmissions of sensitive information","/CWEToyDataset/src/main/java/com/mycompany/app/CWE-201/BAD/BAD_SensitiveDataHttpServletResponse.java","11","36","11","59"
"CWE-201: Information exposure through transmitted data","Transmitting sensitive information to the user is a potential security risk.","error","CWE-201: Transmissions of sensitive information
CWE-201: Transmissions of sensitive information","/CWEToyDataset/src/main/java/com/mycompany/app/CWE-536/BAD/BAD_AccountBalanceServlet.java","12","42","12","98"
"CWE-201: Information exposure through transmitted data","Transmitting sensitive information to the user is a potential security risk.","error","CWE-201: Transmissions of sensitive information
CWE-201: Transmissions of sensitive information","/CWEToyDataset/src/main/java/com/mycompany/app/CWE-536/BAD/BAD_FileReadErrorServlet.java","19","40","19","86"
"CWE-201: Information exposure through transmitted data","Transmitting sensitive information to the user is a potential security risk.","error","CWE-201: Transmissions of sensitive information
CWE-201: Transmissions of sensitive information
CWE-201: Transmissions of sensitive information
CWE-201: Transmissions of sensitive information","/CWEToyDataset/src/main/java/com/mycompany/app/CWE-536/BAD/BAD_FileReadErrorServlet.java","21","40","21","81"
"CWE-201: Information exposure through transmitted data","Transmitting sensitive information to the user is a potential security risk.","error","CWE-201: Transmissions of sensitive information
CWE-201: Transmissions of sensitive information
CWE-201: Transmissions of sensitive information
CWE-201: Transmissions of sensitive information","/CWEToyDataset/src/main/java/com/mycompany/app/CWE-536/BAD/BAD_IoTDeviceFirmwareUpdateServlet.java","15","78","15","185"
"CWE-201: Information exposure through transmitted data","Transmitting sensitive information to the user is a potential security risk.","error","CWE-201: Transmissions of sensitive information
CWE-201: Transmissions of sensitive information","/CWEToyDataset/src/main/java/com/mycompany/app/CWE-536/BAD/BAD_PaymentProcessingServlet.java","11","42","11","97"
"CWE-201: Information exposure through transmitted data","Transmitting sensitive information to the user is a potential security risk.","error","CWE-201: Transmissions of sensitive information
CWE-201: Transmissions of sensitive information","/CWEToyDataset/src/main/java/com/mycompany/app/CWE-536/BAD/BAD_ProfileUpdateServlet.java","14","42","14","86"
"CWE-201: Information exposure through transmitted data","Transmitting sensitive information to the user is a potential security risk.","error","CWE-201: Transmissions of sensitive information
CWE-201: Transmissions of sensitive information","/CWEToyDataset/src/main/java/com/mycompany/app/CWE-536/BAD/BAD_TransactionServlet.java","12","42","12","109"
"CWE-201: Information exposure through transmitted data","Transmitting sensitive information to the user is a potential security risk.","error","CWE-201: Transmissions of sensitive information","/CWEToyDataset/src/main/java/com/mycompany/app/CWE-537/BAD/BAD_SensitiveNullPointerExceptionHandling.java","21","68","21","91"
"CWE-201: Information exposure through transmitted data","Transmitting sensitive information to the user is a potential security risk.","error","CWE-201: Transmissions of sensitive information
CWE-201: Transmissions of sensitive information
CWE-201: Transmissions of sensitive information
CWE-201: Transmissions of sensitive information","/CWEToyDataset/src/main/java/com/mycompany/app/CWE-548/BAD_DocumentDirectoryListingServlet.java","18","25","18","115"
"CWE-201: Information exposure through transmitted data","Transmitting sensitive information to the user is a potential security risk.","error","CWE-201: Transmissions of sensitive information
CWE-201: Transmissions of sensitive information","/CWEToyDataset/src/main/java/com/mycompany/app/CWE-548/BAD_InsecureDirectoryListingServlet.java","12","25","12","38"
"CWE-201: Information exposure through transmitted data","Transmitting sensitive information to the user is a potential security risk.","error","CWE-201: Transmissions of sensitive information
CWE-201: Transmissions of sensitive information","/CWEToyDataset/src/main/java/com/mycompany/app/CWE-550/BAD/BAD_PaymentErrorExposureServlet.java","13","40","13","113"
"CWE-204: Observable discrepancies in sensitive error messages","Detects if statements within sensitive contexts that produce different error messages based on conditional branches, which could lead to observable discrepancies.","warning","CWE-204: Observable discrepancies due to different error messages in nested if-statements.","/CWEToyDataset/src/main/java/com/mycompany/app/CWE-204/BAD/BAD_AccessControlBasedOnTime.java","2","59","14","5"
"CWE-204: Observable discrepancies in sensitive error messages","Detects if statements within sensitive contexts that produce different error messages based on conditional branches, which could lead to observable discrepancies.","warning","CWE-204: Observable discrepancies due to different error messages in nested if-statements.","/CWEToyDataset/src/main/java/com/mycompany/app/CWE-204/BAD/BAD_ComplexNestedConditions.java","2","64","20","5"
"CWE-204: Observable discrepancies in sensitive error messages","Detects if statements within sensitive contexts that produce different error messages based on conditional branches, which could lead to observable discrepancies.","warning","CWE-204: Observable discrepancies due to different error messages in nested if-statements.","/CWEToyDataset/src/main/java/com/mycompany/app/CWE-204/BAD/BAD_ComplexNestedConditions.java","3","54","17","9"
"CWE-204: Observable discrepancies in sensitive error messages","Detects if statements within sensitive contexts that produce different error messages based on conditional branches, which could lead to observable discrepancies.","warning","CWE-204: Observable discrepancies due to different error messages in nested if-statements.","/CWEToyDataset/src/main/java/com/mycompany/app/CWE-204/BAD/BAD_DetailedErrorHandlingConditional.java","2","50","16","5"
"CWE-204: Observable discrepancies in sensitive error messages","Detects if statements within sensitive contexts that produce different error messages based on conditional branches, which could lead to observable discrepancies.","warning","CWE-204: Observable discrepancies due to different error messages in nested if-statements.","/CWEToyDataset/src/main/java/com/mycompany/app/CWE-204/BAD/BAD_DetailedErrorHandlingConditional.java","3","32","13","9"
"CWE-204: Observable discrepancies in sensitive error messages","Detects if statements within sensitive contexts that produce different error messages based on conditional branches, which could lead to observable discrepancies.","warning","CWE-204: Observable discrepancies due to different error messages in nested if-statements.","/CWEToyDataset/src/main/java/com/mycompany/app/CWE-204/BAD/BAD_DifferentErrorCodesrentErrorCodes.java","2","48","21","5"
"CWE-204: Observable discrepancies in sensitive error messages","Detects if statements within sensitive contexts that produce different error messages based on conditional branches, which could lead to observable discrepancies.","warning","CWE-204: Observable discrepancies due to different error messages in nested if-statements.","/CWEToyDataset/src/main/java/com/mycompany/app/CWE-204/BAD/BAD_EmailVerificationCondition.java","2","43","12","5"
"CWE-204: Observable discrepancies in sensitive error messages","Detects if statements within sensitive contexts that produce different error messages based on conditional branches, which could lead to observable discrepancies.","warning","CWE-204: Observable discrepancies due to different error messages in nested if-statements.","/CWEToyDataset/src/main/java/com/mycompany/app/CWE-204/BAD/BAD_FileAccessControlConditional.java","5","16","5","43"
"CWE-204: Observable discrepancies in sensitive error messages","Detects if statements within sensitive contexts that produce different error messages based on conditional branches, which could lead to observable discrepancies.","warning","CWE-204: Observable discrepancies due to different error messages in nested if-statements.","/CWEToyDataset/src/main/java/com/mycompany/app/CWE-204/BAD/BAD_FileDownloadAuthorization.java","2","69","12","5"
"CWE-204: Observable discrepancies in sensitive error messages","Detects if statements within sensitive contexts that produce different error messages based on conditional branches, which could lead to observable discrepancies.","warning","CWE-204: Observable discrepancies due to different error messages in nested if-statements.","/CWEToyDataset/src/main/java/com/mycompany/app/CWE-204/BAD/BAD_NetworkAuthenticationConditional.java","3","64","17","5"
"CWE-204: Observable discrepancies in sensitive error messages","Detects if statements within sensitive contexts that produce different error messages based on conditional branches, which could lead to observable discrepancies.","warning","CWE-204: Observable discrepancies due to different error messages in nested if-statements.","/CWEToyDataset/src/main/java/com/mycompany/app/CWE-204/BAD/BAD_SimpleLoginDiscrepancy.java","2","57","12","5"
"CWE-204: Observable discrepancies in sensitive error messages","Detects if statements within sensitive contexts that produce different error messages based on conditional branches, which could lead to observable discrepancies.","warning","CWE-204: Observable discrepancies due to different error messages in nested if-statements.","/CWEToyDataset/src/main/java/com/mycompany/app/CWE-204/BAD/BAD_TwoFactorAuthentication.java","2","60","12","5"
"CWE-208: Possible timing attack against signature validation","When checking a signature over a message, a constant-time algorithm should be used. Otherwise, there is a risk of a timing attack that allows an attacker to forge a valid signature for an arbitrary message. For a successful attack, the attacker has to be able to send to the validation procedure both the message and the signature.","warning","Possible timing attack against [[""ciphertext""|""relative:///CWEToyDataset/src/main/java/com/mycompany/app/CWE-208/AttackAgainstSigniture/BAD_AAS_CiphertextWithByteBufferEquals.java:16:56:16:58""]] validation.","/CWEToyDataset/src/main/java/com/mycompany/app/CWE-208/AttackAgainstSigniture/BAD_AAS_CiphertextWithByteBufferEquals.java","18","53","18","55"
"CWE-208: Possible timing attack against signature validation","When checking a signature over a message, a constant-time algorithm should be used. Otherwise, there is a risk of a timing attack that allows an attacker to forge a valid signature for an arbitrary message. For a successful attack, the attacker has to be able to send to the validation procedure both the message and the signature.","warning","Possible timing attack against [[""ciphertext""|""relative:///CWEToyDataset/src/main/java/com/mycompany/app/CWE-208/AttackAgainstSigniture/BAD_AAS_unsafeCheckCiphertext.java:15:26:15:45""]] validation.","/CWEToyDataset/src/main/java/com/mycompany/app/CWE-208/AttackAgainstSigniture/BAD_AAS_unsafeCheckCiphertext.java","17","49","17","51"
"CWE-208: Possible timing attack against signature validation","When checking a signature over a message, a constant-time algorithm should be used. Otherwise, there is a risk of a timing attack that allows an attacker to forge a valid signature for an arbitrary message. For a successful attack, the attacker has to be able to send to the validation procedure both the message and the signature.","warning","Possible timing attack against [[""ciphertext""|""relative:///CWEToyDataset/src/main/java/com/mycompany/app/CWE-208/AttackAgainstSigniture/BAD_AAS_unsafeCheckCiphertextWithByteBuffer.java:19:56:19:58""]] validation.","/CWEToyDataset/src/main/java/com/mycompany/app/CWE-208/AttackAgainstSigniture/BAD_AAS_unsafeCheckCiphertextWithByteBuffer.java","21","44","21","54"
"CWE-208: Possible timing attack against signature validation","When checking a signature over a message, a constant-time algorithm should be used. Otherwise, there is a risk of a timing attack that allows an attacker to forge a valid signature for an arbitrary message. For a successful attack, the attacker has to be able to send to the validation procedure both the message and the signature.","warning","Possible timing attack against [[""ciphertext""|""relative:///CWEToyDataset/src/main/java/com/mycompany/app/CWE-208/AttackAgainstSigniture/BAD_AAS_unsafeCheckCiphertextWithOutputArray.java:17:28:17:30""]] validation.","/CWEToyDataset/src/main/java/com/mycompany/app/CWE-208/AttackAgainstSigniture/BAD_AAS_unsafeCheckCiphertextWithOutputArray.java","19","44","19","46"
"CWE-208: Possible timing attack against signature validation","When checking a signature over a message, a constant-time algorithm should be used. Otherwise, there is a risk of a timing attack that allows an attacker to forge a valid signature for an arbitrary message. For a successful attack, the attacker has to be able to send to the validation procedure both the message and the signature.","warning","Possible timing attack against [[""signature""|""relative:///CWEToyDataset/src/main/java/com/mycompany/app/CWE-208/AttackAgainstSigniture/BAD_AAS_unsafeCheckSignatures.java:14:32:14:44""]] validation.","/CWEToyDataset/src/main/java/com/mycompany/app/CWE-208/AttackAgainstSigniture/BAD_AAS_unsafeCheckSignatures.java","16","44","16","52"
"CWE-208: Possible timing attack against signature validation","When checking a signature over a message, a constant-time algorithm should be used. Otherwise, there is a risk of a timing attack that allows an attacker to forge a valid signature for an arbitrary message. For a successful attack, the attacker has to be able to send to the validation procedure both the message and the signature.","warning","Possible timing attack against [[""signature""|""relative:///CWEToyDataset/src/main/java/com/mycompany/app/CWE-208/AttackAgainstSigniture/BAD_AAS_unsafeCheckSignaturesWithOutputArray.java:15:25:15:33""]] validation.","/CWEToyDataset/src/main/java/com/mycompany/app/CWE-208/AttackAgainstSigniture/BAD_AAS_unsafeCheckSignaturesWithOutputArray.java","17","44","17","52"
"CWE-208: Possible timing attack against signature validation","When checking a signature over a message, a constant-time algorithm should be used. Otherwise, there is a risk of a timing attack that allows an attacker to forge a valid signature for an arbitrary message. For a successful attack, the attacker has to be able to send to the validation procedure both the message and the signature.","warning","Possible timing attack against [[""MAC""|""relative:///CWEToyDataset/src/main/java/com/mycompany/app/CWE-208/AttackAgainstSigniture/BAD_AAS_unsafeMacCheckWithArrayEquals.java:12:32:12:48""]] validation.","/CWEToyDataset/src/main/java/com/mycompany/app/CWE-208/AttackAgainstSigniture/BAD_AAS_unsafeMacCheckWithArrayEquals.java","18","47","18","55"
"CWE-208: Possible timing attack against signature validation","When checking a signature over a message, a constant-time algorithm should be used. Otherwise, there is a risk of a timing attack that allows an attacker to forge a valid signature for an arbitrary message. For a successful attack, the attacker has to be able to send to the validation procedure both the message and the signature.","warning","Possible timing attack against [[""MAC""|""relative:///CWEToyDataset/src/main/java/com/mycompany/app/CWE-208/AttackAgainstSigniture/BAD_AAS_unsafeMacCheckWithDoFinalWithOutputArray.java:13:25:13:33""]] validation.","/CWEToyDataset/src/main/java/com/mycompany/app/CWE-208/AttackAgainstSigniture/BAD_AAS_unsafeMacCheckWithDoFinalWithOutputArray.java","15","47","15","55"
"CWE-208: Possible timing attack against signature validation","When checking a signature over a message, a constant-time algorithm should be used. Otherwise, there is a risk of a timing attack that allows an attacker to forge a valid signature for an arbitrary message. For a successful attack, the attacker has to be able to send to the validation procedure both the message and the signature.","warning","Possible timing attack against [[""ciphertext""|""relative:///CWEToyDataset/src/main/java/com/mycompany/app/CWE-208/AttackAgainstSigniture/GOOD_AAS_noUserInputWhenCheckingCiphertext.java:14:26:14:50""]] validation.","/CWEToyDataset/src/main/java/com/mycompany/app/CWE-208/AttackAgainstSigniture/GOOD_AAS_noUserInputWhenCheckingCiphertext.java","16","44","16","46"
"CWE-208: Possible timing attack against signature validation","When checking a signature over a message, a constant-time algorithm should be used. Otherwise, there is a risk of a timing attack that allows an attacker to forge a valid signature for an arbitrary message. For a successful attack, the attacker has to be able to send to the validation procedure both the message and the signature.","warning","Possible timing attack against [[""ciphertext""|""relative:///CWEToyDataset/src/main/java/com/mycompany/app/CWE-208/PossibleTimingAttackAgainstSigniture/BAD_unsafeCheckCustomMac.java:9:22:9:46""]] validation.","/CWEToyDataset/src/main/java/com/mycompany/app/CWE-208/PossibleTimingAttackAgainstSigniture/BAD_unsafeCheckCustomMac.java","10","40","10","42"
"CWE-208: Possible timing attack against signature validation","When checking a signature over a message, a constant-time algorithm should be used. Otherwise, there is a risk of a timing attack that allows an attacker to forge a valid signature for an arbitrary message. For a successful attack, the attacker has to be able to send to the validation procedure both the message and the signature.","warning","Possible timing attack against [[""signature""|""relative:///CWEToyDataset/src/main/java/com/mycompany/app/CWE-208/PossibleTimingAttackAgainstSigniture/BAD_unsafeCheckSignatures.java:10:28:10:40""]] validation.","/CWEToyDataset/src/main/java/com/mycompany/app/CWE-208/PossibleTimingAttackAgainstSigniture/BAD_unsafeCheckSignatures.java","11","40","11","48"
"CWE-208: Possible timing attack against signature validation","When checking a signature over a message, a constant-time algorithm should be used. Otherwise, there is a risk of a timing attack that allows an attacker to forge a valid signature for an arbitrary message. For a successful attack, the attacker has to be able to send to the validation procedure both the message and the signature.","warning","Possible timing attack against [[""MAC""|""relative:///CWEToyDataset/src/main/java/com/mycompany/app/CWE-208/PossibleTimingAttackAgainstSigniture/BAD_unsafeMacCheck.java:8:28:8:44""]] validation.","/CWEToyDataset/src/main/java/com/mycompany/app/CWE-208/PossibleTimingAttackAgainstSigniture/BAD_unsafeMacCheck.java","9","43","9","51"
"CWE-208: Possible timing attack against signature validation","When checking a signature over a message, a constant-time algorithm should be used. Otherwise, there is a risk of a timing attack that allows an attacker to forge a valid signature for an arbitrary message. For a successful attack, the attacker has to be able to send to the validation procedure both the message and the signature.","warning","Possible timing attack against [[""MAC""|""relative:///CWEToyDataset/src/main/java/com/mycompany/app/CWE-208/PossibleTimingAttackAgainstSigniture/BAD_unsafeMacCheckWithLoop.java:14:34:14:50""]] validation.","/CWEToyDataset/src/main/java/com/mycompany/app/CWE-208/PossibleTimingAttackAgainstSigniture/BAD_unsafeMacCheckWithLoop.java","17","26","17","36"
"CWE-208: Timing attack against header value","Use of a non-constant-time verification routine to check the value of an HTTP header, possibly allowing a timing attack to infer the header's expected value.","error","Possible timing attack against [[""client-supplied token""|""relative:///CWEToyDataset/src/main/java/com/mycompany/app/CWE-208/AttackAgainstHeaders/BAD_AttackAgainstHeader_UnsafeComparison.java:6:27:6:59""]] validation.","/CWEToyDataset/src/main/java/com/mycompany/app/CWE-208/AttackAgainstHeaders/BAD_AttackAgainstHeader_UnsafeComparison.java","6","27","6","59"
"CWE-208: Timing attack against signature validation","When checking a signature over a message, a constant-time algorithm should be used. Otherwise, an attacker may be able to forge a valid signature for an arbitrary message by running a timing attack if they can send to the validation procedure both the message and the signature. A successful attack can result in authentication bypass.","error","Timing attack against [[""ciphertext""|""relative:///CWEToyDataset/src/main/java/com/mycompany/app/CWE-208/AttackAgainstSigniture/BAD_AAS_CiphertextWithByteBufferEquals.java:16:56:16:58""]] validation.","/CWEToyDataset/src/main/java/com/mycompany/app/CWE-208/AttackAgainstSigniture/BAD_AAS_CiphertextWithByteBufferEquals.java","18","53","18","55"
"CWE-208: Timing attack against signature validation","When checking a signature over a message, a constant-time algorithm should be used. Otherwise, an attacker may be able to forge a valid signature for an arbitrary message by running a timing attack if they can send to the validation procedure both the message and the signature. A successful attack can result in authentication bypass.","error","Timing attack against [[""ciphertext""|""relative:///CWEToyDataset/src/main/java/com/mycompany/app/CWE-208/AttackAgainstSigniture/BAD_AAS_unsafeCheckCiphertext.java:15:26:15:45""]] validation.","/CWEToyDataset/src/main/java/com/mycompany/app/CWE-208/AttackAgainstSigniture/BAD_AAS_unsafeCheckCiphertext.java","17","49","17","51"
"CWE-208: Timing attack against signature validation","When checking a signature over a message, a constant-time algorithm should be used. Otherwise, an attacker may be able to forge a valid signature for an arbitrary message by running a timing attack if they can send to the validation procedure both the message and the signature. A successful attack can result in authentication bypass.","error","Timing attack against [[""ciphertext""|""relative:///CWEToyDataset/src/main/java/com/mycompany/app/CWE-208/AttackAgainstSigniture/BAD_AAS_unsafeCheckCiphertextWithByteBuffer.java:19:56:19:58""]] validation.","/CWEToyDataset/src/main/java/com/mycompany/app/CWE-208/AttackAgainstSigniture/BAD_AAS_unsafeCheckCiphertextWithByteBuffer.java","21","44","21","54"
"CWE-208: Timing attack against signature validation","When checking a signature over a message, a constant-time algorithm should be used. Otherwise, an attacker may be able to forge a valid signature for an arbitrary message by running a timing attack if they can send to the validation procedure both the message and the signature. A successful attack can result in authentication bypass.","error","Timing attack against [[""signature""|""relative:///CWEToyDataset/src/main/java/com/mycompany/app/CWE-208/AttackAgainstSigniture/BAD_AAS_unsafeCheckSignatures.java:14:32:14:44""]] validation.","/CWEToyDataset/src/main/java/com/mycompany/app/CWE-208/AttackAgainstSigniture/BAD_AAS_unsafeCheckSignatures.java","16","44","16","52"
"CWE-208: Timing attack against signature validation","When checking a signature over a message, a constant-time algorithm should be used. Otherwise, an attacker may be able to forge a valid signature for an arbitrary message by running a timing attack if they can send to the validation procedure both the message and the signature. A successful attack can result in authentication bypass.","error","Timing attack against [[""signature""|""relative:///CWEToyDataset/src/main/java/com/mycompany/app/CWE-208/AttackAgainstSigniture/BAD_AAS_unsafeCheckSignaturesWithOutputArray.java:15:25:15:33""]] validation.","/CWEToyDataset/src/main/java/com/mycompany/app/CWE-208/AttackAgainstSigniture/BAD_AAS_unsafeCheckSignaturesWithOutputArray.java","17","44","17","52"
"CWE-208: Timing attack against signature validation","When checking a signature over a message, a constant-time algorithm should be used. Otherwise, an attacker may be able to forge a valid signature for an arbitrary message by running a timing attack if they can send to the validation procedure both the message and the signature. A successful attack can result in authentication bypass.","error","Timing attack against [[""MAC""|""relative:///CWEToyDataset/src/main/java/com/mycompany/app/CWE-208/AttackAgainstSigniture/BAD_AAS_unsafeMacCheckWithArrayEquals.java:12:32:12:48""]] validation.","/CWEToyDataset/src/main/java/com/mycompany/app/CWE-208/AttackAgainstSigniture/BAD_AAS_unsafeMacCheckWithArrayEquals.java","18","47","18","55"
"CWE-208: Timing attack against signature validation","When checking a signature over a message, a constant-time algorithm should be used. Otherwise, an attacker may be able to forge a valid signature for an arbitrary message by running a timing attack if they can send to the validation procedure both the message and the signature. A successful attack can result in authentication bypass.","error","Timing attack against [[""MAC""|""relative:///CWEToyDataset/src/main/java/com/mycompany/app/CWE-208/AttackAgainstSigniture/BAD_AAS_unsafeMacCheckWithDoFinalWithOutputArray.java:13:25:13:33""]] validation.","/CWEToyDataset/src/main/java/com/mycompany/app/CWE-208/AttackAgainstSigniture/BAD_AAS_unsafeMacCheckWithDoFinalWithOutputArray.java","15","47","15","55"
"CWE-208: Timing attack against signature validation","When checking a signature over a message, a constant-time algorithm should be used. Otherwise, an attacker may be able to forge a valid signature for an arbitrary message by running a timing attack if they can send to the validation procedure both the message and the signature. A successful attack can result in authentication bypass.","error","Timing attack against [[""ciphertext""|""relative:///CWEToyDataset/src/main/java/com/mycompany/app/CWE-208/AttackAgainstSigniture/GOOD_AAS_noUserInputWhenCheckingCiphertext.java:14:26:14:50""]] validation.","/CWEToyDataset/src/main/java/com/mycompany/app/CWE-208/AttackAgainstSigniture/GOOD_AAS_noUserInputWhenCheckingCiphertext.java","16","44","16","46"
"CWE-209: Generation of Error Message Containing Sensitive Information","Identifies instances where sensitive information such as file paths, usernames, or passwords might be included in error messages, potentially leading to information exposure.","warning","Sensitive information flows into exception and is exposed via getMessage.
Sensitive information flows into exception and is exposed via getMessage.","/CWEToyDataset/src/main/java/com/mycompany/app/CWE-209/BAD/BAD_DatabaseSchemaError.java","9","32","9","80"
"CWE-209: Generation of Error Message Containing Sensitive Information","Identifies instances where sensitive information such as file paths, usernames, or passwords might be included in error messages, potentially leading to information exposure.","warning","Sensitive information flows into exception and is exposed via getMessage.
Sensitive information flows into exception and is exposed via getMessage.","/CWEToyDataset/src/main/java/com/mycompany/app/CWE-209/BAD/BAD_FinancialAuditError.java","9","32","9","115"
"CWE-209: Generation of Error Message Containing Sensitive Information","Identifies instances where sensitive information such as file paths, usernames, or passwords might be included in error messages, potentially leading to information exposure.","warning","Sensitive information flows into exception and is exposed via getMessage.
Sensitive information flows into exception and is exposed via getMessage.","/CWEToyDataset/src/main/java/com/mycompany/app/CWE-209/BAD/BAD_HealthcareSystemError.java","24","28","24","51"
"CWE-209: Generation of Error Message Containing Sensitive Information","Identifies instances where sensitive information such as file paths, usernames, or passwords might be included in error messages, potentially leading to information exposure.","warning","Sensitive information flows into exception and is exposed via getMessage.
Sensitive information flows into exception and is exposed via getMessage.","/CWEToyDataset/src/main/java/com/mycompany/app/CWE-209/BAD/BAD_MedicalRecordSystemLookup.java","29","32","29","72"
"CWE-209: Generation of Error Message Containing Sensitive Information","Identifies instances where sensitive information such as file paths, usernames, or passwords might be included in error messages, potentially leading to information exposure.","warning","Sensitive information flows into exception and is exposed via getMessage.
Sensitive information flows into exception and is exposed via getMessage.","/CWEToyDataset/src/main/java/com/mycompany/app/CWE-209/BAD/BAD_MedicalRecordSystemLookup.java","37","36","37","79"
"CWE-209: Generation of Error Message Containing Sensitive Information","Identifies instances where sensitive information such as file paths, usernames, or passwords might be included in error messages, potentially leading to information exposure.","warning","Sensitive information flows into exception and is exposed via getMessage.
Sensitive information flows into exception and is exposed via getMessage.","/CWEToyDataset/src/main/java/com/mycompany/app/CWE-209/BAD/BAD_MessagingSystem.java","6","32","6","67"
"CWE-209: Generation of Error Message Containing Sensitive Information","Identifies instances where sensitive information such as file paths, usernames, or passwords might be included in error messages, potentially leading to information exposure.","warning","Sensitive information flows into exception and is exposed via getMessage.
Sensitive information flows into exception and is exposed via getMessage.","/CWEToyDataset/src/main/java/com/mycompany/app/CWE-209/BAD/BAD_MilitaryOperationPlanError.java","25","28","25","51"
"CWE-209: Generation of Error Message Containing Sensitive Information","Identifies instances where sensitive information such as file paths, usernames, or passwords might be included in error messages, potentially leading to information exposure.","warning","Sensitive information flows into exception and is exposed via getMessage.
Sensitive information flows into exception and is exposed via getMessage.","/CWEToyDataset/src/main/java/com/mycompany/app/CWE-209/BAD/BAD_ProcessMonitoring.java","7","32","7","68"
"CWE-209: Generation of Error Message Containing Sensitive Information","Identifies instances where sensitive information such as file paths, usernames, or passwords might be included in error messages, potentially leading to information exposure.","warning","Sensitive information flows into exception and is exposed via getMessage.","/CWEToyDataset/src/main/java/com/mycompany/app/CWE-209/BAD/BAD_RealTimeBiddingError.java","10","32","10","43"
"CWE-209: Generation of Error Message Containing Sensitive Information","Identifies instances where sensitive information such as file paths, usernames, or passwords might be included in error messages, potentially leading to information exposure.","warning","Sensitive information flows into exception and is exposed via getMessage.
Sensitive information flows into exception and is exposed via getMessage.","/CWEToyDataset/src/main/java/com/mycompany/app/CWE-209/BAD/BAD_SensitivePathDisclosureInErrors.java","18","32","18","45"
"CWE-209: Generation of Error Message Containing Sensitive Information","Identifies instances where sensitive information such as file paths, usernames, or passwords might be included in error messages, potentially leading to information exposure.","warning","Sensitive information flows into exception and is exposed via getMessage.
Sensitive information flows into exception and is exposed via getMessage.","/CWEToyDataset/src/main/java/com/mycompany/app/CWE-209/BAD/BAD_SimpleExceptionExposure.java","11","32","11","57"
"CWE-209: Generation of Error Message Containing Sensitive Information","Identifies instances where sensitive information such as file paths, usernames, or passwords might be included in error messages, potentially leading to information exposure.","warning","Sensitive information flows into exception and is exposed via getMessage.
Sensitive information flows into exception and is exposed via getMessage.
Sensitive information flows into exception and is exposed via getMessage.
Sensitive information flows into exception and is exposed via getMessage.","/CWEToyDataset/src/main/java/com/mycompany/app/CWE-209/BAD/BAD_SoftwareLicensingError.java","9","32","9","86"
"CWE-209: Generation of Error Message Containing Sensitive Information","Identifies instances where sensitive information such as file paths, usernames, or passwords might be included in error messages, potentially leading to information exposure.","warning","Sensitive information flows into exception and is exposed via getMessage.
Sensitive information flows into exception and is exposed via getMessage.
Sensitive information flows into exception and is exposed via getMessage.","/CWEToyDataset/src/main/java/com/mycompany/app/CWE-536/BAD/BAD_ApiKeyManagementServlet.java","16","78","16","144"
"CWE-209: Generation of Error Message Containing Sensitive Information","Identifies instances where sensitive information such as file paths, usernames, or passwords might be included in error messages, potentially leading to information exposure.","warning","CWE-209: Sensitive information included in error messages.
CWE-209: Sensitive information included in error messages.","/CWEToyDataset/src/main/java/com/mycompany/app/CWE-209/BAD/BAD_DetailedDatabaseErrorExposure.java","7","32","7","82"
"CWE-209: Generation of Error Message Containing Sensitive Information","Identifies instances where sensitive information such as file paths, usernames, or passwords might be included in error messages, potentially leading to information exposure.","warning","CWE-209: Sensitive information included in error messages.
CWE-209: Sensitive information included in error messages.","/CWEToyDataset/src/main/java/com/mycompany/app/CWE-209/BAD/BAD_PatentApplicationError.java","9","32","9","113"
"CWE-209: Generation of Error Message Containing Sensitive Information","Identifies instances where sensitive information such as file paths, usernames, or passwords might be included in error messages, potentially leading to information exposure.","warning","CWE-209: Sensitive information included in error messages.
CWE-209: Sensitive information included in error messages.","/CWEToyDataset/src/main/java/com/mycompany/app/CWE-209/BAD/BAD_RealTimeBiddingError.java","10","32","10","43"
"CWE-209: Generation of Error Message Containing Sensitive Information","Identifies instances where sensitive information such as file paths, usernames, or passwords might be included in error messages, potentially leading to information exposure.","warning","CWE-209: Sensitive information included in error messages.
CWE-209: Sensitive information included in error messages.","/CWEToyDataset/src/main/java/com/mycompany/app/CWE-214/BAD/BAD_CommandLineToolSensitiveData.java","10","32","10","114"
"CWE-209: Generation of Error Message Containing Sensitive Information","Identifies instances where sensitive information such as file paths, usernames, or passwords might be included in error messages, potentially leading to information exposure.","warning","CWE-209: Sensitive information included in error messages.
CWE-209: Sensitive information included in error messages.","/CWEToyDataset/src/main/java/com/mycompany/app/CWE-214/BAD/BAD_EnvVarExposure.java","12","32","12","101"
"CWE-209: Generation of Error Message Containing Sensitive Information","Identifies instances where sensitive information such as file paths, usernames, or passwords might be included in error messages, potentially leading to information exposure.","warning","CWE-209: Sensitive information included in error messages.","/CWEToyDataset/src/main/java/com/mycompany/app/CWE-215/BAD/BAD_LoginProcessorDebugging.java","9","36","9","129"
"CWE-209: Generation of Error Message Containing Sensitive Information","Identifies instances where sensitive information such as file paths, usernames, or passwords might be included in error messages, potentially leading to information exposure.","warning","CWE-209: Sensitive information included in error messages.
CWE-209: Sensitive information included in error messages.
CWE-209: Sensitive information included in error messages.","/CWEToyDataset/src/main/java/com/mycompany/app/CWE-535/BAD/BAD_APIKeyRegenerator.java","22","32","22","79"
"CWE-209: Generation of Error Message Containing Sensitive Information","Identifies instances where sensitive information such as file paths, usernames, or passwords might be included in error messages, potentially leading to information exposure.","warning","CWE-209: Sensitive information included in error messages.
CWE-209: Sensitive information included in error messages.","/CWEToyDataset/src/main/java/com/mycompany/app/CWE-535/BAD/BAD_DatabaseAccessLogger.java","21","32","21","125"
"CWE-209: Generation of Error Message Containing Sensitive Information","Identifies instances where sensitive information such as file paths, usernames, or passwords might be included in error messages, potentially leading to information exposure.","warning","CWE-209: Sensitive information included in error messages.
CWE-209: Sensitive information included in error messages.","/CWEToyDataset/src/main/java/com/mycompany/app/CWE-536/BAD/BAD_FileReadErrorServlet.java","19","40","19","86"
"CWE-209: Generation of Error Message Containing Sensitive Information","Identifies instances where sensitive information such as file paths, usernames, or passwords might be included in error messages, potentially leading to information exposure.","warning","CWE-209: Sensitive information included in error messages.
CWE-209: Sensitive information included in error messages.","/CWEToyDataset/src/main/java/com/mycompany/app/CWE-537/BAD/BAD_FileNotFoundException.java","11","32","11","89"
"CWE-209: Generation of Error Message Containing Sensitive Information","Identifies instances where sensitive information such as file paths, usernames, or passwords might be included in error messages, potentially leading to information exposure.","warning","CWE-209: Sensitive information included in error messages.
CWE-209: Sensitive information included in error messages.","/CWEToyDataset/src/main/java/com/mycompany/app/CWE-550/BAD/BAD_PaymentErrorExposureServlet.java","13","40","13","113"
"CWE-214: Invocation of Process Using Visible Sensitive Information","Detects when sensitive information is passed to a process execution command.","error","Sensitive information passed to process execution.","/CWEToyDataset/src/main/java/com/mycompany/app/CWE-214/BAD/BAD_CloudServiceConfigExposure.java","6","39","6","121"
"CWE-214: Invocation of Process Using Visible Sensitive Information","Detects when sensitive information is passed to a process execution command.","error","Sensitive information passed to process execution.","/CWEToyDataset/src/main/java/com/mycompany/app/CWE-214/BAD/BAD_CommandLinePasswordExposure.java","6","39","6","98"
"CWE-214: Invocation of Process Using Visible Sensitive Information","Detects when sensitive information is passed to a process execution command.","error","Sensitive information passed to process execution.
Sensitive information passed to process execution.","/CWEToyDataset/src/main/java/com/mycompany/app/CWE-214/BAD/BAD_CommandLineToolSensitiveData.java","7","39","7","71"
"CWE-214: Invocation of Process Using Visible Sensitive Information","Detects when sensitive information is passed to a process execution command.","error","Sensitive information passed to process execution.","/CWEToyDataset/src/main/java/com/mycompany/app/CWE-214/BAD/BAD_DockerRunSensitiveInfoExposure.java","6","39","6","116"
"CWE-214: Invocation of Process Using Visible Sensitive Information","Detects when sensitive information is passed to a process execution command.","error","Sensitive information passed to process execution.","/CWEToyDataset/src/main/java/com/mycompany/app/CWE-214/BAD/BAD_EnvVarExposure.java","7","46","7","52"
"CWE-214: Invocation of Process Using Visible Sensitive Information","Detects when sensitive information is passed to a process execution command.","error","Sensitive information passed to process execution.","/CWEToyDataset/src/main/java/com/mycompany/app/CWE-214/BAD/BAD_InsecureAPIKeyInvocation.java","8","39","8","66"
"CWE-214: Invocation of Process Using Visible Sensitive Information","Detects when sensitive information is passed to a process execution command.","error","Sensitive information passed to process execution.","/CWEToyDataset/src/main/java/com/mycompany/app/CWE-214/BAD/BAD_NetworkConfigCredentialsExposure.java","6","39","6","112"
"CWE-214: Invocation of Process Using Visible Sensitive Information","Detects when sensitive information is passed to a process execution command.","error","Sensitive information passed to process execution.","/CWEToyDataset/src/main/java/com/mycompany/app/CWE-214/BAD/BAD_PasswordExposureInCommands.java","5","57","5","114"
"CWE-214: Invocation of Process Using Visible Sensitive Information","Detects when sensitive information is passed to a process execution command.","error","Sensitive information passed to process execution.
Sensitive information passed to process execution.","/CWEToyDataset/src/main/java/com/mycompany/app/CWE-214/BAD/BAD_ProcessInvocationWithArgs.java","11","39","11","45"
"CWE-214: Invocation of Process Using Visible Sensitive Information","Detects when sensitive information is passed to a process execution command.","error","Sensitive information passed to process execution.","/CWEToyDataset/src/main/java/com/mycompany/app/CWE-214/BAD/BAD_TokenExposureViaEnvironment.java","7","55","7","62"
"CWE-214: Invocation of Process Using Visible Sensitive Information","Detects when sensitive information is passed to a process execution command.","error","Sensitive information passed to process execution.","/CWEToyDataset/src/main/java/com/mycompany/app/CWE-535/BAD/BAD_APIKeyRegenerator.java","10","57","10","63"
"CWE-214: Invocation of Process Using Visible Sensitive Information","Detects when sensitive information is passed to a process execution command.","error","Sensitive information passed to process execution.","/CWEToyDataset/src/main/java/com/mycompany/app/CWE-535/BAD/BAD_APIKeyUpdater.java","6","57","6","84"
"CWE-214: Invocation of Process Using Visible Sensitive Information","Detects when sensitive information is passed to a process execution command.","error","Sensitive information passed to process execution.
Sensitive information passed to process execution.","/CWEToyDataset/src/main/java/com/mycompany/app/CWE-535/BAD/BAD_CredentialUpdater.java","14","57","14","63"
"CWE-214: Invocation of Process Using Visible Sensitive Information","Detects when sensitive information is passed to a process execution command.","error","Sensitive information passed to process execution.","/CWEToyDataset/src/main/java/com/mycompany/app/CWE-535/BAD/BAD_DatabaseAccessLogger.java","8","57","8","90"
"CWE-214: Invocation of Process Using Visible Sensitive Information","Detects when sensitive information is passed to a process execution command.","error","Sensitive information passed to process execution.
Sensitive information passed to process execution.","/CWEToyDataset/src/main/java/com/mycompany/app/CWE-535/BAD/BAD_DatabaseCredentialsReset.java","7","57","7","63"
"CWE-214: Invocation of Process Using Visible Sensitive Information","Detects when sensitive information is passed to a process execution command.","error","Sensitive information passed to process execution.","/CWEToyDataset/src/main/java/com/mycompany/app/CWE-535/BAD/BAD_FirewallConfigurationServlet.java","13","57","13","63"
"CWE-214: Invocation of Process Using Visible Sensitive Information","Detects when sensitive information is passed to a process execution command.","error","Sensitive information passed to process execution.
Sensitive information passed to process execution.","/CWEToyDataset/src/main/java/com/mycompany/app/CWE-535/BAD/BAD_SecretFileDecryptor.java","6","57","6","100"
"CWE-214: Invocation of Process Using Visible Sensitive Information","Detects when sensitive information is passed to a process execution command.","error","Sensitive information passed to process execution.","/CWEToyDataset/src/main/java/com/mycompany/app/CWE-535/BAD/BAD_SensitiveInfoExposureViaShellError.java","9","57","9","63"
"CWE-214: Invocation of Process Using Visible Sensitive Information","Detects when sensitive information is passed to a process execution command.","error","Sensitive information passed to process execution.","/CWEToyDataset/src/main/java/com/mycompany/app/CWE-535/BAD/BAD_ShellCommandExposure.java","6","57","6","63"
"CWE-214: Invocation of Process Using Visible Sensitive Information","Detects when sensitive information is passed to a process execution command.","error","Sensitive information passed to process execution.","/CWEToyDataset/src/main/java/com/mycompany/app/CWE-535/BAD/Custom/BAD_BackupServiceCustomSink.java","11","57","11","63"
"CWE-214: Invocation of Process Using Visible Sensitive Information","Detects when sensitive information is passed to a process execution command.","error","Sensitive information passed to process execution.","/CWEToyDataset/src/main/java/com/mycompany/app/CWE-535/BAD/Custom/BAD_DatabaseConnectorCustomSink.java","11","57","11","63"
"CWE-214: Invocation of Process Using Visible Sensitive Information","Detects when sensitive information is passed to a process execution command.","error","Sensitive information passed to process execution.","/CWEToyDataset/src/main/java/com/mycompany/app/CWE-535/BAD/Custom/BAD_FileProcessorCustomSink.java","11","57","11","63"
"CWE-214: Invocation of Process Using Visible Sensitive Information","Detects when sensitive information is passed to a process execution command.","error","Sensitive information passed to process execution.","/CWEToyDataset/src/main/java/com/mycompany/app/CWE-535/BAD/Custom/BAD_NetworkConfiguratorCustomSink.java","11","57","11","63"
"CWE-214: Invocation of Process Using Visible Sensitive Information","Detects when sensitive information is passed to a process execution command.","error","Sensitive information passed to process execution.
Sensitive information passed to process execution.","/CWEToyDataset/src/main/java/com/mycompany/app/CWE-535/BAD/Custom/BAD_UserProfileManagerCustomSink.java","11","57","11","63"
"CWE-214: Invocation of Process Using Visible Sensitive Information","Detects when sensitive information is passed to a process execution command.","error","Sensitive information passed to process execution.","/CWEToyDataset/src/main/java/com/mycompany/app/CWE-535/GOOD/GOOD_APIKeyUpdater.java","6","57","6","84"
"CWE-214: Invocation of Process Using Visible Sensitive Information","Detects when sensitive information is passed to a process execution command.","error","Sensitive information passed to process execution.
Sensitive information passed to process execution.","/CWEToyDataset/src/main/java/com/mycompany/app/CWE-535/GOOD/GOOD_CredentialUpdater.java","15","57","15","63"
"CWE-214: Invocation of Process Using Visible Sensitive Information","Detects when sensitive information is passed to a process execution command.","error","Sensitive information passed to process execution.","/CWEToyDataset/src/main/java/com/mycompany/app/CWE-535/GOOD/GOOD_DatabaseAccessLogger.java","9","57","9","90"
"CWE-214: Invocation of Process Using Visible Sensitive Information","Detects when sensitive information is passed to a process execution command.","error","Sensitive information passed to process execution.
Sensitive information passed to process execution.","/CWEToyDataset/src/main/java/com/mycompany/app/CWE-535/GOOD/GOOD_DatabaseCredentialsReset.java","7","57","7","63"
"CWE-214: Invocation of Process Using Visible Sensitive Information","Detects when sensitive information is passed to a process execution command.","error","Sensitive information passed to process execution.","/CWEToyDataset/src/main/java/com/mycompany/app/CWE-535/GOOD/GOOD_FirewallConfigurationServlet.java","14","57","14","63"
"CWE-214: Invocation of Process Using Visible Sensitive Information","Detects when sensitive information is passed to a process execution command.","error","Sensitive information passed to process execution.
Sensitive information passed to process execution.","/CWEToyDataset/src/main/java/com/mycompany/app/CWE-535/GOOD/GOOD_SecretFileDecryptor.java","6","57","6","100"
"CWE-214: Invocation of Process Using Visible Sensitive Information","Detects when sensitive information is passed to a process execution command.","error","Sensitive information passed to process execution.","/CWEToyDataset/src/main/java/com/mycompany/app/CWE-535/GOOD/GOOD_SecureShellCommandHandling.java","9","57","9","63"
"CWE-214: Invocation of Process Using Visible Sensitive Information","Detects when sensitive information is passed to a process execution command.","error","Sensitive information passed to process execution.","/CWEToyDataset/src/main/java/com/mycompany/app/CWE-535/GOOD/GOOD_SensitiveInfoExposureViaShellError.java","9","57","9","63"
"CWE-215: Sensitive data exposure in debug code","Identifies instances where sensitive variables are exposed in debug output without proper sanitization, which could lead to sensitive data leaks.","warning","Sensitive data exposed in debug code.","/CWEToyDataset/src/main/java/com/mycompany/app/CWE-215/BAD/BAD_DebugFeatureToggle.java","8","32","8","80"
"CWE-215: Sensitive data exposure in debug code","Identifies instances where sensitive variables are exposed in debug output without proper sanitization, which could lead to sensitive data leaks.","warning","Sensitive data exposed in debug code.","/CWEToyDataset/src/main/java/com/mycompany/app/CWE-215/BAD/BAD_DebugLoggingEnabled.java","8","32","8","68"
"CWE-215: Sensitive data exposure in debug code","Identifies instances where sensitive variables are exposed in debug output without proper sanitization, which could lead to sensitive data leaks.","warning","Sensitive data exposed in debug code.
Sensitive data exposed in debug code.","/CWEToyDataset/src/main/java/com/mycompany/app/CWE-215/BAD/BAD_DebugLoggingSensitiveInfo.java","10","32","10","114"
"CWE-215: Sensitive data exposure in debug code","Identifies instances where sensitive variables are exposed in debug output without proper sanitization, which could lead to sensitive data leaks.","warning","Sensitive data exposed in debug code.","/CWEToyDataset/src/main/java/com/mycompany/app/CWE-215/BAD/BAD_DebugModeActive.java","9","32","9","78"
"CWE-215: Sensitive data exposure in debug code","Identifies instances where sensitive variables are exposed in debug output without proper sanitization, which could lead to sensitive data leaks.","warning","Sensitive data exposed in debug code.","/CWEToyDataset/src/main/java/com/mycompany/app/CWE-215/BAD/BAD_LoginProcessorDebugging.java","9","36","9","129"
"CWE-535: Exposure of information through shell error message","Exposing error messages from shell commands can lead to information disclosure.","warning","CWE-535: Exposure of Information Through Shell Error Message","/CWEToyDataset/src/main/java/com/mycompany/app/CWE-535/BAD/BAD_APIKeyRegenerator.java","15","36","15","96"
"CWE-535: Exposure of information through shell error message","Exposing error messages from shell commands can lead to information disclosure.","warning","CWE-535: Exposure of Information Through Shell Error Message","/CWEToyDataset/src/main/java/com/mycompany/app/CWE-535/BAD/BAD_APIKeyUpdater.java","10","36","10","127"
"CWE-535: Exposure of information through shell error message","Exposing error messages from shell commands can lead to information disclosure.","warning","CWE-535: Exposure of Information Through Shell Error Message","/CWEToyDataset/src/main/java/com/mycompany/app/CWE-535/BAD/BAD_CredentialUpdater.java","20","36","20","103"
"CWE-535: Exposure of information through shell error message","Exposing error messages from shell commands can lead to information disclosure.","warning","CWE-535: Exposure of Information Through Shell Error Message","/CWEToyDataset/src/main/java/com/mycompany/app/CWE-535/BAD/BAD_DatabaseAccessLogger.java","18","36","18","143"
"CWE-535: Exposure of information through shell error message","Exposing error messages from shell commands can lead to information disclosure.","warning","CWE-535: Exposure of Information Through Shell Error Message","/CWEToyDataset/src/main/java/com/mycompany/app/CWE-535/BAD/BAD_DatabaseCredentialsReset.java","12","36","12","112"
"CWE-535: Exposure of information through shell error message","Exposing error messages from shell commands can lead to information disclosure.","warning","CWE-535: Exposure of Information Through Shell Error Message","/CWEToyDataset/src/main/java/com/mycompany/app/CWE-535/BAD/BAD_FirewallConfigurationServlet.java","19","36","19","85"
"CWE-535: Exposure of information through shell error message","Exposing error messages from shell commands can lead to information disclosure.","warning","CWE-535: Exposure of Information Through Shell Error Message","/CWEToyDataset/src/main/java/com/mycompany/app/CWE-535/BAD/BAD_MisconfiguredPermissions.java","10","32","10","101"
"CWE-535: Exposure of information through shell error message","Exposing error messages from shell commands can lead to information disclosure.","warning","CWE-535: Exposure of Information Through Shell Error Message","/CWEToyDataset/src/main/java/com/mycompany/app/CWE-535/BAD/BAD_SecretFileDecryptor.java","11","36","11","107"
"CWE-535: Exposure of information through shell error message","Exposing error messages from shell commands can lead to information disclosure.","warning","CWE-535: Exposure of Information Through Shell Error Message","/CWEToyDataset/src/main/java/com/mycompany/app/CWE-535/BAD/BAD_SensitiveInfoExposureViaShellError.java","15","36","15","39"
"CWE-535: Exposure of information through shell error message","Exposing error messages from shell commands can lead to information disclosure.","warning","CWE-535: Exposure of Information Through Shell Error Message","/CWEToyDataset/src/main/java/com/mycompany/app/CWE-535/BAD/BAD_ShellCommandExposure.java","10","36","10","107"
"CWE-535: Exposure of information through shell error message","Exposing error messages from shell commands can lead to information disclosure.","warning","CWE-535: Exposure of Information Through Shell Error Message","/CWEToyDataset/src/main/java/com/mycompany/app/CWE-535/BAD/Custom/BAD_BackupServiceCustomSink.java","16","40","16","63"
"CWE-535: Exposure of information through shell error message","Exposing error messages from shell commands can lead to information disclosure.","warning","CWE-535: Exposure of Information Through Shell Error Message","/CWEToyDataset/src/main/java/com/mycompany/app/CWE-535/BAD/Custom/BAD_DatabaseConnectorCustomSink.java","16","38","16","74"
"CWE-535: Exposure of information through shell error message","Exposing error messages from shell commands can lead to information disclosure.","warning","CWE-535: Exposure of Information Through Shell Error Message","/CWEToyDataset/src/main/java/com/mycompany/app/CWE-535/BAD/Custom/BAD_FileProcessorCustomSink.java","16","41","16","73"
"CWE-535: Exposure of information through shell error message","Exposing error messages from shell commands can lead to information disclosure.","warning","CWE-535: Exposure of Information Through Shell Error Message","/CWEToyDataset/src/main/java/com/mycompany/app/CWE-535/BAD/Custom/BAD_NetworkConfiguratorCustomSink.java","16","41","16","79"
"CWE-535: Exposure of information through shell error message","Exposing error messages from shell commands can lead to information disclosure.","warning","CWE-535: Exposure of Information Through Shell Error Message","/CWEToyDataset/src/main/java/com/mycompany/app/CWE-535/BAD/Custom/BAD_UserProfileManagerCustomSink.java","16","34","16","94"
"CWE-535: Exposure of information through shell error message","Exposing error messages from shell commands can lead to information disclosure.","warning","CWE-535: Exposure of Information Through Shell Error Message","/CWEToyDataset/src/main/java/com/mycompany/app/CWE-535/Utils/DisplayOnScreen.java","5","28","5","34"
"CWE-535: Exposure of information through shell error message","Exposing error messages from shell commands can lead to information disclosure.","warning","CWE-535: Exposure of Information Through Shell Error Message","/CWEToyDataset/src/main/java/com/mycompany/app/CWE-535/Utils/OutputToDisplay.java","5","28","5","34"
"CWE-535: Exposure of information through shell error message","Exposing error messages from shell commands can lead to information disclosure.","warning","CWE-535: Exposure of Information Through Shell Error Message","/CWEToyDataset/src/main/java/com/mycompany/app/CWE-535/Utils/PrintErrorMessage.java","5","28","5","34"
"CWE-535: Exposure of information through shell error message","Exposing error messages from shell commands can lead to information disclosure.","warning","CWE-535: Exposure of Information Through Shell Error Message","/CWEToyDataset/src/main/java/com/mycompany/app/CWE-535/Utils/PrintToConsole.java","5","28","5","34"
"CWE-535: Exposure of information through shell error message","Exposing error messages from shell commands can lead to information disclosure.","warning","CWE-535: Exposure of Information Through Shell Error Message","/CWEToyDataset/src/main/java/com/mycompany/app/CWE-535/Utils/ShowMessage.java","5","28","5","34"
"CWE-536: Exposure of sensitive information in servlet responses","Writing sensitive information from exceptions or sensitive file paths to HTTP responses can leak details to users.","warning","CWE-536: Servlet Runtime Error Message Containing Sensitive Information.
CWE-536: Servlet Runtime Error Message Containing Sensitive Information.","/CWEToyDataset/src/main/java/com/mycompany/app/CWE-536/BAD/BAD_AccountBalanceServlet.java","12","42","12","98"
"CWE-536: Exposure of sensitive information in servlet responses","Writing sensitive information from exceptions or sensitive file paths to HTTP responses can leak details to users.","warning","CWE-536: Servlet Runtime Error Message Containing Sensitive Information.
CWE-536: Servlet Runtime Error Message Containing Sensitive Information.
CWE-536: Servlet Runtime Error Message Containing Sensitive Information.
CWE-536: Servlet Runtime Error Message Containing Sensitive Information.","/CWEToyDataset/src/main/java/com/mycompany/app/CWE-536/BAD/BAD_ApiKeyManagementServlet.java","15","32","15","73"
"CWE-536: Exposure of sensitive information in servlet responses","Writing sensitive information from exceptions or sensitive file paths to HTTP responses can leak details to users.","warning","CWE-536: Servlet Runtime Error Message Containing Sensitive Information.
CWE-536: Servlet Runtime Error Message Containing Sensitive Information.
CWE-536: Servlet Runtime Error Message Containing Sensitive Information.
CWE-536: Servlet Runtime Error Message Containing Sensitive Information.
CWE-536: Servlet Runtime Error Message Containing Sensitive Information.","/CWEToyDataset/src/main/java/com/mycompany/app/CWE-536/BAD/BAD_DbConnectionErrorServlet.java","31","32","31","97"
"CWE-536: Exposure of sensitive information in servlet responses","Writing sensitive information from exceptions or sensitive file paths to HTTP responses can leak details to users.","warning","CWE-536: Servlet Runtime Error Message Containing Sensitive Information.
CWE-536: Servlet Runtime Error Message Containing Sensitive Information.
CWE-536: Servlet Runtime Error Message Containing Sensitive Information.
CWE-536: Servlet Runtime Error Message Containing Sensitive Information.","/CWEToyDataset/src/main/java/com/mycompany/app/CWE-536/BAD/BAD_FileReadErrorServlet.java","21","40","21","81"
"CWE-536: Exposure of sensitive information in servlet responses","Writing sensitive information from exceptions or sensitive file paths to HTTP responses can leak details to users.","warning","CWE-536: Servlet Runtime Error Message Containing Sensitive Information.
CWE-536: Servlet Runtime Error Message Containing Sensitive Information.
CWE-536: Servlet Runtime Error Message Containing Sensitive Information.
CWE-536: Servlet Runtime Error Message Containing Sensitive Information.","/CWEToyDataset/src/main/java/com/mycompany/app/CWE-536/BAD/BAD_IoTDeviceFirmwareUpdateServlet.java","15","78","15","185"
"CWE-536: Exposure of sensitive information in servlet responses","Writing sensitive information from exceptions or sensitive file paths to HTTP responses can leak details to users.","warning","CWE-536: Servlet Runtime Error Message Containing Sensitive Information.
CWE-536: Servlet Runtime Error Message Containing Sensitive Information.","/CWEToyDataset/src/main/java/com/mycompany/app/CWE-536/BAD/BAD_PaymentProcessingServlet.java","11","42","11","97"
"CWE-536: Exposure of sensitive information in servlet responses","Writing sensitive information from exceptions or sensitive file paths to HTTP responses can leak details to users.","warning","CWE-536: Servlet Runtime Error Message Containing Sensitive Information.
CWE-536: Servlet Runtime Error Message Containing Sensitive Information.","/CWEToyDataset/src/main/java/com/mycompany/app/CWE-536/BAD/BAD_ProfileUpdateServlet.java","14","42","14","86"
"CWE-536: Exposure of sensitive information in servlet responses","Writing sensitive information from exceptions or sensitive file paths to HTTP responses can leak details to users.","warning","CWE-536: Servlet Runtime Error Message Containing Sensitive Information.
CWE-536: Servlet Runtime Error Message Containing Sensitive Information.","/CWEToyDataset/src/main/java/com/mycompany/app/CWE-536/BAD/BAD_TransactionServlet.java","12","42","12","109"
"CWE-537: Java Runtime Error Message Containing Sensitive Information","Detects sensitive information (e.g., apiKey) being added to an exception message and then exposed via getMessage or the exception object in HTTP responses.","error","Sensitive information flows into exception and is exposed via getMessage or the exception object.
Sensitive information flows into exception and is exposed via getMessage or the exception object.
Sensitive information flows into exception and is exposed via getMessage or the exception object.
Sensitive information flows into exception and is exposed via getMessage or the exception object.","/CWEToyDataset/src/main/java/com/mycompany/app/CWE-537/BAD/BAD_IllegalArgumentException.java","11","32","11","45"
"CWE-537: Java Runtime Error Message Containing Sensitive Information","Detects sensitive information (e.g., apiKey) being added to an exception message and then exposed via getMessage or the exception object in HTTP responses.","error","Sensitive information flows into exception and is exposed via getMessage or the exception object.
Sensitive information flows into exception and is exposed via getMessage or the exception object.
Sensitive information flows into exception and is exposed via getMessage or the exception object.
Sensitive information flows into exception and is exposed via getMessage or the exception object.","/CWEToyDataset/src/main/java/com/mycompany/app/CWE-537/test/BAD_e.java","11","32","11","32"
"CWE-537: Java Runtime Error Message Containing Sensitive Information","Detects sensitive information (e.g., apiKey) being added to an exception message and then exposed via getMessage or the exception object in HTTP responses.","error","Sensitive information flows into exception and is exposed via getMessage or the exception object.
Sensitive information flows into exception and is exposed via getMessage or the exception object.
Sensitive information flows into exception and is exposed via getMessage or the exception object.
Sensitive information flows into exception and is exposed via getMessage or the exception object.","/CWEToyDataset/src/main/java/com/mycompany/app/CWE-537/test/BAD_getMessage.java","11","32","11","45"
"CWE-537: Exposure of sensitive information in runtime error messages","Logging or printing sensitive information or detailed error messages can lead to information disclosure.","warning","CWE-537: Java runtime error message containing sensitive information
CWE-537: Java runtime error message containing sensitive information
CWE-537: Java runtime error message containing sensitive information","/CWEToyDataset/src/main/java/com/mycompany/app/CWE-537/BAD/BAD_BufferOverflowException.java","15","32","15","90"
"CWE-537: Exposure of sensitive information in runtime error messages","Logging or printing sensitive information or detailed error messages can lead to information disclosure.","warning","CWE-537: Java runtime error message containing sensitive information
CWE-537: Java runtime error message containing sensitive information
CWE-537: Java runtime error message containing sensitive information
CWE-537: Java runtime error message containing sensitive information
CWE-537: Java runtime error message containing sensitive information","/CWEToyDataset/src/main/java/com/mycompany/app/CWE-537/BAD/BAD_IllegalStateException.java","11","32","11","147"
"CWE-537: Exposure of sensitive information in runtime error messages","Logging or printing sensitive information or detailed error messages can lead to information disclosure.","warning","CWE-537: Java runtime error message containing sensitive information
CWE-537: Java runtime error message containing sensitive information","/CWEToyDataset/src/main/java/com/mycompany/app/CWE-537/BAD/BAD_IndexOutofBoundsInfoExposure.java","15","32","15","100"
"CWE-537: Exposure of sensitive information in runtime error messages","Logging or printing sensitive information or detailed error messages can lead to information disclosure.","warning","CWE-537: Java runtime error message containing sensitive information
CWE-537: Java runtime error message containing sensitive information","/CWEToyDataset/src/main/java/com/mycompany/app/CWE-537/BAD/BAD_NegativeArraySizeException.java","16","32","16","75"
"CWE-537: Exposure of sensitive information in runtime error messages","Logging or printing sensitive information or detailed error messages can lead to information disclosure.","warning","CWE-537: Java runtime error message containing sensitive information
CWE-537: Java runtime error message containing sensitive information","/CWEToyDataset/src/main/java/com/mycompany/app/CWE-537/BAD/BAD_SalaryDivisionExceptionHandling.java","15","32","15","141"
"CWE-537: Exposure of sensitive information in runtime error messages","Logging or printing sensitive information or detailed error messages can lead to information disclosure.","warning","CWE-537: Java runtime error message containing sensitive information","/CWEToyDataset/src/main/java/com/mycompany/app/CWE-537/BAD/BAD_SensitiveNullPointerExceptionHandling.java","21","68","21","91"
"CWE-548: Exposure of Directory Listing Information Through HTTP Responses","Detects potential exposure of directory listing information through HTTP responses in servlets, excluding results that just expose the file name.","warning","CWE-548: Directory listing information might be exposed.","/CWEToyDataset/src/main/java/com/mycompany/app/CWE-548/BAD_DocumentDirectoryListingServlet.java","18","25","18","115"
"CWE-548: Exposure of Directory Listing Information Through HTTP Responses","Detects potential exposure of directory listing information through HTTP responses in servlets, excluding results that just expose the file name.","warning","CWE-548: Directory listing information might be exposed.","/CWEToyDataset/src/main/java/com/mycompany/app/CWE-548/BAD_InsecureDirectoryListingServlet.java","12","25","12","38"
"CWE-598: Sensitive GET Query","Use of GET request method with sensitive query strings.","warning","[[""This request""|""relative:///CWEToyDataset/src/main/java/com/mycompany/app/CWE-201/BAD/BAD_CryptoSeedExposure.java:9:25:9:54""]] uses the GET request method to transmit sensitive information.","/CWEToyDataset/src/main/java/com/mycompany/app/CWE-201/BAD/BAD_CryptoSeedExposure.java","10","53","10","58"
"CWE-598: Sensitive GET Query","Use of GET request method with sensitive query strings.","warning","[[""This request""|""relative:///CWEToyDataset/src/main/java/com/mycompany/app/CWE-201/BAD/BAD_SensitiveDataApiExposureSent.java:9:59:9:88""]] uses the GET request method to transmit sensitive information.","/CWEToyDataset/src/main/java/com/mycompany/app/CWE-201/BAD/BAD_SensitiveDataApiExposureSent.java","14","34","14","46"
"CWE-598: Sensitive GET Query","Use of GET request method with sensitive query strings.","warning","[[""This request""|""relative:///CWEToyDataset/src/main/java/com/mycompany/app/CWE-201/BAD/BAD_SensitiveDataApiExposureSent.java:9:59:9:88""]] uses the GET request method to transmit sensitive information.","/CWEToyDataset/src/main/java/com/mycompany/app/CWE-201/BAD/BAD_SensitiveDataApiExposureSent.java","25","66","25","71"
"CWE-598: Sensitive GET Query","Use of GET request method with sensitive query strings.","warning","[[""This request""|""relative:///CWEToyDataset/src/main/java/com/mycompany/app/CWE-201/GOOD/GOOD_SensitiveDataApiExposureSent.java:9:59:9:88""]] uses the GET request method to transmit sensitive information.","/CWEToyDataset/src/main/java/com/mycompany/app/CWE-201/GOOD/GOOD_SensitiveDataApiExposureSent.java","24","66","24","71"
"CWE-598: Sensitive GET Query","Use of GET request method with sensitive query strings.","warning","[[""This request""|""relative:///CWEToyDataset/src/main/java/com/mycompany/app/CWE-536/BAD/BAD_ApiKeyManagementServlet.java:8:25:8:54""]] uses the GET request method to transmit sensitive information.","/CWEToyDataset/src/main/java/com/mycompany/app/CWE-536/BAD/BAD_ApiKeyManagementServlet.java","10","17","10","22"
"CWE-598: Sensitive GET Query","Use of GET request method with sensitive query strings.","warning","[[""This request""|""relative:///CWEToyDataset/src/main/java/com/mycompany/app/CWE-536/BAD/BAD_ApiKeyManagementServlet.java:8:25:8:54""]] uses the GET request method to transmit sensitive information.","/CWEToyDataset/src/main/java/com/mycompany/app/CWE-536/BAD/BAD_ApiKeyManagementServlet.java","10","39","10","44"
"CWE-598: Sensitive GET Query","Use of GET request method with sensitive query strings.","warning","[[""This request""|""relative:///CWEToyDataset/src/main/java/com/mycompany/app/CWE-536/BAD/BAD_ApiKeyManagementServlet.java:8:25:8:54""]] uses the GET request method to transmit sensitive information.","/CWEToyDataset/src/main/java/com/mycompany/app/CWE-536/BAD/BAD_ApiKeyManagementServlet.java","11","65","11","70"
"CWE-598: Sensitive GET Query","Use of GET request method with sensitive query strings.","warning","[[""This request""|""relative:///CWEToyDataset/src/main/java/com/mycompany/app/CWE-536/BAD/BAD_ApiKeyManagementServlet.java:8:25:8:54""]] uses the GET request method to transmit sensitive information.","/CWEToyDataset/src/main/java/com/mycompany/app/CWE-536/BAD/BAD_ApiKeyManagementServlet.java","15","53","15","58"
"CWE-598: Sensitive GET Query","Use of GET request method with sensitive query strings.","warning","[[""This request""|""relative:///CWEToyDataset/src/main/java/com/mycompany/app/CWE-536/BAD/BAD_DbConnectionErrorServlet.java:13:24:13:52""]] uses the GET request method to transmit sensitive information.","/CWEToyDataset/src/main/java/com/mycompany/app/CWE-536/BAD/BAD_DbConnectionErrorServlet.java","19","17","19","21"
"CWE-598: Sensitive GET Query","Use of GET request method with sensitive query strings.","warning","[[""This request""|""relative:///CWEToyDataset/src/main/java/com/mycompany/app/CWE-536/BAD/BAD_DbConnectionErrorServlet.java:14:25:14:54""]] uses the GET request method to transmit sensitive information.","/CWEToyDataset/src/main/java/com/mycompany/app/CWE-536/BAD/BAD_DbConnectionErrorServlet.java","19","34","19","39"
"CWE-598: Sensitive GET Query","Use of GET request method with sensitive query strings.","warning","[[""This request""|""relative:///CWEToyDataset/src/main/java/com/mycompany/app/CWE-536/BAD/BAD_DbConnectionErrorServlet.java:15:25:15:54""]] uses the GET request method to transmit sensitive information.","/CWEToyDataset/src/main/java/com/mycompany/app/CWE-536/BAD/BAD_DbConnectionErrorServlet.java","19","52","19","57"
"CWE-598: Sensitive GET Query","Use of GET request method with sensitive query strings.","warning","[[""This request""|""relative:///CWEToyDataset/src/main/java/com/mycompany/app/CWE-536/BAD/BAD_DbConnectionErrorServlet.java:13:24:13:52""]] uses the GET request method to transmit sensitive information.","/CWEToyDataset/src/main/java/com/mycompany/app/CWE-536/BAD/BAD_DbConnectionErrorServlet.java","23","48","23","52"
"CWE-598: Sensitive GET Query","Use of GET request method with sensitive query strings.","warning","[[""This request""|""relative:///CWEToyDataset/src/main/java/com/mycompany/app/CWE-536/BAD/BAD_DbConnectionErrorServlet.java:14:25:14:54""]] uses the GET request method to transmit sensitive information.","/CWEToyDataset/src/main/java/com/mycompany/app/CWE-536/BAD/BAD_DbConnectionErrorServlet.java","23","55","23","60"
"CWE-598: Sensitive GET Query","Use of GET request method with sensitive query strings.","warning","[[""This request""|""relative:///CWEToyDataset/src/main/java/com/mycompany/app/CWE-536/BAD/BAD_DbConnectionErrorServlet.java:15:25:15:54""]] uses the GET request method to transmit sensitive information.","/CWEToyDataset/src/main/java/com/mycompany/app/CWE-536/BAD/BAD_DbConnectionErrorServlet.java","23","63","23","68"
"CWE-598: Sensitive GET Query","Use of GET request method with sensitive query strings.","warning","[[""This request""|""relative:///CWEToyDataset/src/main/java/com/mycompany/app/CWE-536/BAD/BAD_DbConnectionErrorServlet.java:15:25:15:54""]] uses the GET request method to transmit sensitive information.","/CWEToyDataset/src/main/java/com/mycompany/app/CWE-536/BAD/BAD_DbConnectionErrorServlet.java","31","92","31","97"
"CWE-598: Sensitive GET Query","Use of GET request method with sensitive query strings.","warning","[[""This request""|""relative:///CWEToyDataset/src/main/java/com/mycompany/app/CWE-536/BAD/BAD_DbConnectionErrorServlet.java:14:25:14:54""]] uses the GET request method to transmit sensitive information.","/CWEToyDataset/src/main/java/com/mycompany/app/CWE-536/BAD/BAD_DbConnectionErrorServlet.java","31","83","31","88"
"CWE-598: Sensitive GET Query","Use of GET request method with sensitive query strings.","warning","[[""This request""|""relative:///CWEToyDataset/src/main/java/com/mycompany/app/CWE-536/BAD/BAD_DbConnectionErrorServlet.java:13:24:13:52""]] uses the GET request method to transmit sensitive information.","/CWEToyDataset/src/main/java/com/mycompany/app/CWE-536/BAD/BAD_DbConnectionErrorServlet.java","31","75","31","79"
"CWE-598: Sensitive GET Query","Use of GET request method with sensitive query strings.","warning","[[""This request""|""relative:///CWEToyDataset/src/main/java/com/mycompany/app/CWE-536/BAD/BAD_FileReadErrorServlet.java:8:27:8:58""]] uses the GET request method to transmit sensitive information.","/CWEToyDataset/src/main/java/com/mycompany/app/CWE-536/BAD/BAD_FileReadErrorServlet.java","11","56","11","59"
"CWE-598: Sensitive GET Query","Use of GET request method with sensitive query strings.","warning","[[""This request""|""relative:///CWEToyDataset/src/main/java/com/mycompany/app/CWE-536/BAD/BAD_FileReadErrorServlet.java:8:27:8:58""]] uses the GET request method to transmit sensitive information.","/CWEToyDataset/src/main/java/com/mycompany/app/CWE-536/BAD/BAD_FileReadErrorServlet.java","14","17","14","20"
"CWE-598: Sensitive GET Query","Use of GET request method with sensitive query strings.","warning","[[""This request""|""relative:///CWEToyDataset/src/main/java/com/mycompany/app/CWE-536/BAD/BAD_FileReadErrorServlet.java:8:27:8:58""]] uses the GET request method to transmit sensitive information.","/CWEToyDataset/src/main/java/com/mycompany/app/CWE-536/BAD/BAD_FileReadErrorServlet.java","15","64","15","67"
"CWE-598: Sensitive GET Query","Use of GET request method with sensitive query strings.","warning","[[""This request""|""relative:///CWEToyDataset/src/main/java/com/mycompany/app/CWE-536/BAD/BAD_FileReadErrorServlet.java:8:27:8:58""]] uses the GET request method to transmit sensitive information.","/CWEToyDataset/src/main/java/com/mycompany/app/CWE-536/BAD/BAD_FileReadErrorServlet.java","19","65","19","68"
"CWE-598: Sensitive GET Query","Use of GET request method with sensitive query strings.","warning","[[""This request""|""relative:///CWEToyDataset/src/main/java/com/mycompany/app/CWE-536/BAD/BAD_FileReadErrorServlet.java:8:27:8:58""]] uses the GET request method to transmit sensitive information.","/CWEToyDataset/src/main/java/com/mycompany/app/CWE-536/BAD/BAD_FileReadErrorServlet.java","21","60","21","63"
"CWE-598: Sensitive GET Query","Use of GET request method with sensitive query strings.","warning","[[""This request""|""relative:///CWEToyDataset/src/main/java/com/mycompany/app/CWE-536/GOOD/GOOD_ApiKeyManagementServlet.java:10:25:10:54""]] uses the GET request method to transmit sensitive information.","/CWEToyDataset/src/main/java/com/mycompany/app/CWE-536/GOOD/GOOD_ApiKeyManagementServlet.java","12","28","12","33"
"CWE-598: Sensitive GET Query","Use of GET request method with sensitive query strings.","warning","[[""This request""|""relative:///CWEToyDataset/src/main/java/com/mycompany/app/CWE-536/GOOD/GOOD_ApiKeyManagementServlet.java:10:25:10:54""]] uses the GET request method to transmit sensitive information.","/CWEToyDataset/src/main/java/com/mycompany/app/CWE-536/GOOD/GOOD_ApiKeyManagementServlet.java","21","13","21","18"
"CWE-598: Sensitive GET Query","Use of GET request method with sensitive query strings.","warning","[[""This request""|""relative:///CWEToyDataset/src/main/java/com/mycompany/app/CWE-536/GOOD/GOOD_ApiKeyManagementServlet.java:10:25:10:54""]] uses the GET request method to transmit sensitive information.","/CWEToyDataset/src/main/java/com/mycompany/app/CWE-536/GOOD/GOOD_ApiKeyManagementServlet.java","21","31","21","36"
"CWE-598: Sensitive GET Query","Use of GET request method with sensitive query strings.","warning","[[""This request""|""relative:///CWEToyDataset/src/main/java/com/mycompany/app/CWE-536/GOOD/GOOD_FileReadErrorServlet.java:8:27:8:58""]] uses the GET request method to transmit sensitive information.","/CWEToyDataset/src/main/java/com/mycompany/app/CWE-536/GOOD/GOOD_FileReadErrorServlet.java","11","56","11","59"
"CWE-598: Sensitive GET Query","Use of GET request method with sensitive query strings.","warning","[[""This request""|""relative:///CWEToyDataset/src/main/java/com/mycompany/app/CWE-536/GOOD/GOOD_SecureFileAccessServlet.java:8:27:8:58""]] uses the GET request method to transmit sensitive information.","/CWEToyDataset/src/main/java/com/mycompany/app/CWE-536/GOOD/GOOD_SecureFileAccessServlet.java","15","14","15","17"
"CWE-598: Sensitive GET Query","Use of GET request method with sensitive query strings.","warning","[[""This request""|""relative:///CWEToyDataset/src/main/java/com/mycompany/app/CWE-548/GOOD_DocumentAccessServlet.java:9:36:9:67""]] uses the GET request method to transmit sensitive information.","/CWEToyDataset/src/main/java/com/mycompany/app/CWE-548/GOOD_DocumentAccessServlet.java","17","17","17","24"
"CWE-598: Sensitive GET Query","Use of GET request method with sensitive query strings.","warning","[[""This request""|""relative:///CWEToyDataset/src/main/java/com/mycompany/app/CWE-548/GOOD_DocumentAccessServlet.java:9:36:9:67""]] uses the GET request method to transmit sensitive information.","/CWEToyDataset/src/main/java/com/mycompany/app/CWE-548/GOOD_DocumentAccessServlet.java","17","68","17","75"
"CWE-598: Sensitive GET Query","Use of GET request method with sensitive query strings.","warning","[[""This request""|""relative:///CWEToyDataset/src/main/java/com/mycompany/app/CWE-548/GOOD_DocumentAccessServlet.java:9:36:9:67""]] uses the GET request method to transmit sensitive information.","/CWEToyDataset/src/main/java/com/mycompany/app/CWE-548/GOOD_DocumentAccessServlet.java","19","28","19","35"
"CWE-598: Sensitive GET Query","Use of GET request method with sensitive query strings.","warning","[[""This request""|""relative:///CWEToyDataset/src/main/java/com/mycompany/app/CWE-550/BAD/BAD_AuthenticationFailureServlet.java:10:30:10:61""]] uses the GET request method to transmit sensitive information.","/CWEToyDataset/src/main/java/com/mycompany/app/CWE-550/BAD/BAD_AuthenticationFailureServlet.java","18","13","18","20"
"CWE-598: Sensitive GET Query","Use of GET request method with sensitive query strings.","warning","[[""This request""|""relative:///CWEToyDataset/src/main/java/com/mycompany/app/CWE-550/BAD/BAD_AuthenticationFailureServlet.java:10:64:10:95""]] uses the GET request method to transmit sensitive information.","/CWEToyDataset/src/main/java/com/mycompany/app/CWE-550/BAD/BAD_AuthenticationFailureServlet.java","18","33","18","40"
"CWE-598: Sensitive GET Query","Use of GET request method with sensitive query strings.","warning","[[""This request""|""relative:///CWEToyDataset/src/main/java/com/mycompany/app/CWE-550/BAD/BAD_AuthenticationFailureServlet.java:10:30:10:61""]] uses the GET request method to transmit sensitive information.","/CWEToyDataset/src/main/java/com/mycompany/app/CWE-550/BAD/BAD_AuthenticationFailureServlet.java","22","75","22","82"
"CWE-598: Sensitive GET Query","Use of GET request method with sensitive query strings.","warning","[[""This request""|""relative:///CWEToyDataset/src/main/java/com/mycompany/app/CWE-550/BAD/BAD_DatabaseErrorServlet.java:12:24:12:52""]] uses the GET request method to transmit sensitive information.","/CWEToyDataset/src/main/java/com/mycompany/app/CWE-550/BAD/BAD_DatabaseErrorServlet.java","16","41","16","45"
"CWE-598: Sensitive GET Query","Use of GET request method with sensitive query strings.","warning","[[""This request""|""relative:///CWEToyDataset/src/main/java/com/mycompany/app/CWE-550/BAD/BAD_DatabaseErrorServlet.java:11:27:11:58""]] uses the GET request method to transmit sensitive information.","/CWEToyDataset/src/main/java/com/mycompany/app/CWE-550/BAD/BAD_DatabaseErrorServlet.java","16","48","16","55"
"CWE-598: Sensitive GET Query","Use of GET request method with sensitive query strings.","warning","[[""This request""|""relative:///CWEToyDataset/src/main/java/com/mycompany/app/CWE-550/BAD/BAD_DatabaseErrorServlet.java:12:24:12:52""]] uses the GET request method to transmit sensitive information.","/CWEToyDataset/src/main/java/com/mycompany/app/CWE-550/BAD/BAD_DatabaseErrorServlet.java","23","60","23","64"
"CWE-598: Sensitive GET Query","Use of GET request method with sensitive query strings.","warning","[[""This request""|""relative:///CWEToyDataset/src/main/java/com/mycompany/app/CWE-550/BAD/BAD_DatabaseErrorServlet.java:11:27:11:58""]] uses the GET request method to transmit sensitive information.","/CWEToyDataset/src/main/java/com/mycompany/app/CWE-550/BAD/BAD_DatabaseErrorServlet.java","23","67","23","74"
"CWE-598: Sensitive GET Query","Use of GET request method with sensitive query strings.","warning","[[""This request""|""relative:///CWEToyDataset/src/main/java/com/mycompany/app/CWE-550/BAD/BAD_DatabaseErrorServlet.java:11:27:11:58""]] uses the GET request method to transmit sensitive information.","/CWEToyDataset/src/main/java/com/mycompany/app/CWE-550/BAD/BAD_DatabaseErrorServlet.java","25","114","25","121"
"CWE-598: Sensitive GET Query","Use of GET request method with sensitive query strings.","warning","[[""This request""|""relative:///CWEToyDataset/src/main/java/com/mycompany/app/CWE-550/BAD/BAD_DatabaseErrorServlet.java:12:24:12:52""]] uses the GET request method to transmit sensitive information.","/CWEToyDataset/src/main/java/com/mycompany/app/CWE-550/BAD/BAD_DatabaseErrorServlet.java","25","99","25","103"
"CWE-598: Sensitive GET Query","Use of GET request method with sensitive query strings.","warning","[[""This request""|""relative:///CWEToyDataset/src/main/java/com/mycompany/app/CWE-550/BAD/BAD_DetailedRuntimeExceptionServlet.java:8:25:8:54""]] uses the GET request method to transmit sensitive information.","/CWEToyDataset/src/main/java/com/mycompany/app/CWE-550/BAD/BAD_DetailedRuntimeExceptionServlet.java","11","87","11","92"
"CWE-598: Sensitive GET Query","Use of GET request method with sensitive query strings.","warning","[[""This request""|""relative:///CWEToyDataset/src/main/java/com/mycompany/app/CWE-550/GOOD/GOOD_AuthenticationFailureServlet.java:9:30:9:61""]] uses the GET request method to transmit sensitive information.","/CWEToyDataset/src/main/java/com/mycompany/app/CWE-550/GOOD/GOOD_AuthenticationFailureServlet.java","18","13","18","20"
"CWE-598: Sensitive GET Query","Use of GET request method with sensitive query strings.","warning","[[""This request""|""relative:///CWEToyDataset/src/main/java/com/mycompany/app/CWE-550/GOOD/GOOD_AuthenticationFailureServlet.java:9:64:9:95""]] uses the GET request method to transmit sensitive information.","/CWEToyDataset/src/main/java/com/mycompany/app/CWE-550/GOOD/GOOD_AuthenticationFailureServlet.java","18","33","18","40"
"CWE-598: Sensitive GET Query","Use of GET request method with sensitive query strings.","warning","[[""This request""|""relative:///CWEToyDataset/src/main/java/com/mycompany/app/CWE-550/GOOD/GOOD_DatabaseErrorServlet.java:12:24:12:52""]] uses the GET request method to transmit sensitive information.","/CWEToyDataset/src/main/java/com/mycompany/app/CWE-550/GOOD/GOOD_DatabaseErrorServlet.java","16","41","16","45"
"CWE-598: Sensitive GET Query","Use of GET request method with sensitive query strings.","warning","[[""This request""|""relative:///CWEToyDataset/src/main/java/com/mycompany/app/CWE-550/GOOD/GOOD_DatabaseErrorServlet.java:11:27:11:58""]] uses the GET request method to transmit sensitive information.","/CWEToyDataset/src/main/java/com/mycompany/app/CWE-550/GOOD/GOOD_DatabaseErrorServlet.java","16","48","16","55"
"CWE-598: Sensitive GET Query","Use of GET request method with sensitive query strings.","warning","[[""This request""|""relative:///CWEToyDataset/src/main/java/com/mycompany/app/CWE-550/GOOD/GOOD_DatabaseErrorServlet.java:12:24:12:52""]] uses the GET request method to transmit sensitive information.","/CWEToyDataset/src/main/java/com/mycompany/app/CWE-550/GOOD/GOOD_DatabaseErrorServlet.java","23","60","23","64"
"CWE-598: Sensitive GET Query","Use of GET request method with sensitive query strings.","warning","[[""This request""|""relative:///CWEToyDataset/src/main/java/com/mycompany/app/CWE-550/GOOD/GOOD_DatabaseErrorServlet.java:11:27:11:58""]] uses the GET request method to transmit sensitive information.","/CWEToyDataset/src/main/java/com/mycompany/app/CWE-550/GOOD/GOOD_DatabaseErrorServlet.java","23","67","23","74"
"CWE-598: Use of GET request method with sensitive query strings","Detects sensitive information being sent in query strings over GET requests, which could be exposed in server logs or browser history.","warning","Sensitive information used in a URL constructed for a GET request.","/CWEToyDataset/src/main/java/com/mycompany/app/CWE-214/GOOD/GOOD_PasswordSecureCommands.java","10","31","10","94"
"CWE-598: Use of GET request method with sensitive query strings","Detects sensitive information being sent in query strings over GET requests, which could be exposed in server logs or browser history.","warning","Sensitive information used in a URL constructed for a GET request.","/CWEToyDataset/src/main/java/com/mycompany/app/CWE-540/BAD/BAD_ApiKeyEmbedded.java","9","31","9","129"
"CWE-598: Use of GET request method with sensitive query strings","Detects sensitive information being sent in query strings over GET requests, which could be exposed in server logs or browser history.","warning","Sensitive information used in a URL constructed for a GET request.","/CWEToyDataset/src/main/java/com/mycompany/app/CWE-598/BAD/BAD_ApiKeySubmissionGET.java","8","91","8","108"
"CWE-598: Use of GET request method with sensitive query strings","Detects sensitive information being sent in query strings over GET requests, which could be exposed in server logs or browser history.","warning","Sens100 97812  100 97750    0    62    563      0  0:02:53  0:02:53 --:--:-- 19491100 97812  100 97750    0    62    563      0  0:02:53  0:02:53 --:--:-- 24346itive information used in a URL constructed for a GET request.
Sensitive information used in a URL constructed for a GET request.","/CWEToyDataset/src/main/java/com/mycompany/app/CWE-598/BAD/BAD_AuthenticationGET.java","11","31","11","39"
"CWE-598: Use of GET request method with sensitive query strings","Detects sensitive information being sent in query strings over GET requests, which could be exposed in server logs or browser history.","warning","Sensitive information used in a URL constructed for a GET request.","/CWEToyDataset/src/main/java/com/mycompany/app/CWE-598/BAD/BAD_BankingTransactionQuery.java","11","43","11","45"
"CWE-598: Use of GET request method with sensitive query strings","Detects sensitive information being sent in query strings over GET requests, which could be exposed in server logs or browser history.","warning","Sensitive information used in a URL constructed for a GET request.
Sensitive information used in a URL constructed for a GET request.
Sensitive information used in a URL constructed for a GET request.","/CWEToyDataset/src/main/java/com/mycompany/app/CWE-598/BAD/BAD_CreditCardSubmissionGET.java","10","31","10","39"
"CWE-598: Use of GET request method with sensitive query strings","Detects sensitive information being sent in query strings over GET requests, which could be exposed in server logs or browser history.","warning","Sensitive information used in a URL constructed for a GET request.","/CWEToyDataset/src/main/java/com/mycompany/app/CWE-598/BAD/BAD_FinancialDataGET.java","8","31","8","39"
"CWE-598: Use of GET request method with sensitive query strings","Detects sensitive information being sent in query strings over GET requests, which could be exposed in server logs or browser history.","warning","Sensitive information used in a URL constructed for a GET request.
Sensitive information used in a URL constructed for a GET request.","/CWEToyDataset/src/main/java/com/mycompany/app/CWE-598/BAD/BAD_HealthInfoSubmissionGET.java","15","31","15","39"
"CWE-598: Use of GET request method with sensitive query strings","Detects sensitive information being sent in query strings over GET requests, which could be exposed in server logs or browser history.","warning","Sensitive information used in a URL constructed for a GET request.","/CWEToyDataset/src/main/java/com/mycompany/app/CWE-598/BAD/BAD_MedicalRecordRequest.java","8","31","8","39"
"CWE-598: Use of GET request method with sensitive query strings","Detects sensitive information being sent in query strings over GET requests, which could be exposed in server logs or browser history.","warning","Sensitive information used in a URL constructed for a GET request.
Sensitive information used in a URL constructed for a GET request.
Sensitive information used in a URL constructed for a GET request.","/CWEToyDataset/src/main/java/com/mycompany/app/CWE-598/BAD/BAD_PasswordChangeGET.java","10","31","10","39"
"CWE-598: Use of GET request method with sensitive query strings","Detects sensitive information being sent in query strings over GET requests, which could be exposed in server logs or browser history.","warning","Sensitive information used in a URL constructed for a GET request.
Sensitive information used in a URL constructed for a GET request.","/CWEToyDataset/src/main/java/com/mycompany/app/CWE-598/BAD/BAD_PersonalDetailsGET.java","13","43","13","45"
